{
    "radius_mean": [
        6.981,
        12.25,
        14.773333333333333,
        28.11
    ],
    "texture_mean": [
        9.71,
        17.193333333333335,
        20.74,
        39.28
    ],
    "perimeter_mean": [
        43.79,
        78.56,
        96.18666666666667,
        188.5
    ],
    "area_mean": [
        143.5,
        462.3,
        670.5,
        2501.0
    ],
    "smoothness_mean": [
        0.05263,
        0.08929,
        0.10173333333333334,
        0.1634
    ],
    "compactness_mean": [
        0.01938,
        0.07359333333333334,
        0.11563333333333334,
        0.3454
    ],
    "concavity_mean": [
        0.0,
        0.03803,
        0.10260000000000002,
        0.4268
    ],
    "concave points_mean": [
        0.0,
        0.024066666666666667,
        0.058306666666666666,
        0.2012
    ],
    "symmetry_mean": [
        0.106,
        0.1676,
        0.19026666666666667,
        0.304
    ],
    "fractal_dimension_mean": [
        0.04996,
        0.05913,
        0.06437,
        0.09744
    ],
    "radius_se": [
        0.1115,
        0.25606666666666666,
        0.41000000000000003,
        2.873
    ],
    "texture_se": [
        0.3602,
        0.9240333333333333,
        1.3426666666666667,
        4.885
    ],
    "perimeter_se": [
        0.757,
        1.836666666666667,
        2.8866666666666667,
        21.98
    ],
    "area_se": [
        6.802,
        19.776666666666667,
        34.37,
        542.2
    ],
    "smoothness_se": [
        0.001713,
        0.0055253333333333335,
        0.007432000000000001,
        0.03113
    ],
    "compactness_se": [
        0.002252,
        0.014916666666666667,
        0.028086666666666666,
        0.1354
    ],
    "concavity_se": [
        0.0,
        0.018276666666666667,
        0.03469666666666667,
        0.396
    ],
    "concave points_se": [
        0.0,
        0.008935000000000002,
        0.013296666666666668,
        0.05279
    ],
    "symmetry_se": [
        0.007882,
        0.016139999999999998,
        0.02136,
        0.07895
    ],
    "fractal_dimension_se": [
        0.0008948,
        0.0025313333333333334,
        0.003989333333333334,
        0.02984
    ],
    "radius_worst": [
        7.93,
        13.473333333333334,
        16.803333333333335,
        36.04
    ],
    "texture_worst": [
        12.02,
        22.53,
        27.986666666666665,
        49.54
    ],
    "perimeter_worst": [
        50.41,
        87.44666666666667,
        112.9,
        251.2
    ],
    "area_worst": [
        185.2,
        553.2,
        861.8333333333334,
        4254.0
    ],
    "smoothness_worst": [
        0.07117,
        0.12223333333333333,
        0.14126666666666668,
        0.2226
    ],
    "compactness_worst": [
        0.02729,
        0.16783333333333333,
        0.2815666666666667,
        1.058
    ],
    "concavity_worst": [
        0.0,
        0.1457,
        0.3305666666666667,
        1.252
    ],
    "concave points_worst": [
        0.0,
        0.07869,
        0.14236666666666667,
        0.291
    ],
    "symmetry_worst": [
        0.1565,
        0.2608333333333333,
        0.30563333333333337,
        0.6638
    ],
    "fractal_dimension_worst": [
        0.05504,
        0.07465333333333334,
        0.08712333333333333,
        0.2075
    ]
}