{
    "cpt_diagnosis": {
        "()": {
            "1": 0.37317784256559766,
            "0": 0.6268221574344023
        }
    },
    "cpt_concave_points": {
        "(0,)": {
            "0.0": 0.5253456221198156,
            "1.0": 0.42857142857142855,
            "2.0": 0.04608294930875576
        },
        "(1,)": {
            "2.0": 0.7923076923076923,
            "1.0": 0.18461538461538463,
            "0.0": 0.023076923076923078
        }
    },
    "cpt_perimeter": {
        "(0,)": {
            "0.0": 0.5253456221198156,
            "1.0": 0.41013824884792627,
            "2.0": 0.06451612903225806
        },
        "(1,)": {
            "2.0": 0.8,
            "1.0": 0.15384615384615385,
            "0.0": 0.046153846153846156
        }
    },
    "cpt_radius": {
        "(0,)": {
            "0.0": 0.5023041474654378,
            "1.0": 0.42857142857142855,
            "2.0": 0.06912442396313365
        },
        "(1,)": {
            "2.0": 0.8,
            "1.0": 0.14615384615384616,
            "0.0": 0.05384615384615385
        }
    },
    "cpt_concavity": {
        "(0, 0.0)": {
            "0.0": 0.7844827586206896,
            "1.0": 0.19827586206896552,
            "2.0": 0.017241379310344827
        },
        "(0, 1.0)": {
            "1.0": 0.6631578947368421,
            "0.0": 0.24210526315789474,
            "2.0": 0.09473684210526316
        },
        "(0, 2.0)": {
            "2.0": 0.6363636363636364,
            "1.0": 0.36363636363636365
        },
        "(1, 0.0)": {
            "0.0": 1.0
        },
        "(1, 1.0)": {
            "0.0": 0.19230769230769232,
            "1.0": 0.5769230769230769,
            "2.0": 0.23076923076923078
        },
        "(1, 2.0)": {
            "2.0": 0.8942307692307693,
            "1.0": 0.10576923076923077
        }
    },
    "cpt_texture": {
        "(0,)": {
            "1.0": 0.3271889400921659,
            "0.0": 0.4423963133640553,
            "2.0": 0.2304147465437788
        },
        "(1,)": {
            "2.0": 0.5538461538461539,
            "1.0": 0.36923076923076925,
            "0.0": 0.07692307692307693
        }
    },
    "cpt_area": {
        "(0.0,)": {
            "0.0": 0.9583333333333334,
            "1.0": 0.041666666666666664
        },
        "(1.0,)": {
            "1.0": 0.9272727272727272,
            "0.0": 0.01818181818181818,
            "2.0": 0.05454545454545454
        },
        "(2.0,)": {
            "1.0": 0.0423728813559322,
            "2.0": 0.9576271186440678
        }
    },
    "cpt_compactness": {
        "(0.0,)": {
            "0.0": 0.8264462809917356,
            "1.0": 0.15702479338842976,
            "2.0": 0.01652892561983471
        },
        "(1.0,)": {
            "0.0": 0.19298245614035087,
            "1.0": 0.6578947368421053,
            "2.0": 0.14912280701754385
        },
        "(2.0,)": {
            "2.0": 0.7807017543859649,
            "1.0": 0.21929824561403508
        }
    },
    "cpt_smoothness": {
        "(0.0,)": {
            "1.0": 0.2809917355371901,
            "0.0": 0.5867768595041323,
            "2.0": 0.1322314049586777
        },
        "(1.0,)": {
            "0.0": 0.35964912280701755,
            "1.0": 0.38596491228070173,
            "2.0": 0.2543859649122807
        },
        "(2.0,)": {
            "2.0": 0.5478260869565217,
            "1.0": 0.3652173913043478,
            "0.0": 0.08695652173913043
        }
    },
    "cpt_symmetry": {
        "(0.0,)": {
            "2.0": 0.14634146341463414,
            "0.0": 0.5609756097560976,
            "1.0": 0.2926829268292683
        },
        "(1.0,)": {
            "1.0": 0.453781512605042,
            "0.0": 0.31092436974789917,
            "2.0": 0.23529411764705882
        },
        "(2.0,)": {
            "2.0": 0.6574074074074074,
            "0.0": 0.06481481481481481,
            "1.0": 0.2777777777777778
        }
    },
    "cpt_fractal": {
        "(0.0,)": {
            "0.0": 0.5221238938053098,
            "1.0": 0.26548672566371684,
            "2.0": 0.21238938053097345
        },
        "(1.0,)": {
            "1.0": 0.3333333333333333,
            "0.0": 0.43333333333333335,
            "2.0": 0.23333333333333334
        },
        "(2.0,)": {
            "2.0": 0.5128205128205128,
            "1.0": 0.3504273504273504,
            "0.0": 0.13675213675213677
        }
    }
}