{
    "cpt_classification": {
        "(1, 1, 1, 1)": {
            "1": 0.6524822695035462,
            "0": 0.3475177304964539
        },
        "(1, 1, 1, 2)": {
            "0": 0.5135019593872462,
            "1": 0.4864980406127538
        },
        "(1, 1, 2, 1)": {
            "0": 0.328998699609883,
            "1": 0.6710013003901171
        },
        "(1, 1, 2, 2)": {
            "0": 0.5990560540729518,
            "1": 0.40094394592704813
        },
        "(1, 1, 98, 1)": {
            "0": 0.42857142857142855,
            "1": 0.5714285714285714
        },
        "(1, 1, 98, 2)": {
            "0": 0.475,
            "1": 0.525
        },
        "(1, 2, 1, 1)": {
            "1": 0.6375121477162293,
            "0": 0.3624878522837707
        },
        "(1, 2, 1, 2)": {
            "0": 0.5469492144683961,
            "1": 0.45305078553160394
        },
        "(1, 2, 2, 1)": {
            "1": 0.5160128102481986,
            "0": 0.48398718975180144
        },
        "(1, 2, 2, 2)": {
            "1": 0.31796763023376756,
            "0": 0.6820323697662325
        },
        "(1, 2, 98, 1)": {
            "1": 0.5,
            "0": 0.5
        },
        "(1, 2, 98, 2)": {
            "0": 0.6729857819905213,
            "1": 0.32701421800947866
        },
        "(1, 98, 1, 1)": {
            "1": 1.0
        },
        "(1, 98, 1, 2)": {
            "0": 0.49122807017543857,
            "1": 0.5087719298245614
        },
        "(1, 98, 2, 1)": {
            "1": 0.5,
            "0": 0.5
        },
        "(1, 98, 2, 2)": {
            "1": 0.3333333333333333,
            "0": 0.6666666666666666
        },
        "(1, 98, 98, 1)": {
            "0": 0.43333333333333335,
            "1": 0.5666666666666667
        },
        "(1, 98, 98, 2)": {
            "0": 0.6015523932729625,
            "1": 0.3984476067270375
        },
        "(2, 1, 1, 1)": {
            "0": 0.3108108108108108,
            "1": 0.6891891891891891
        },
        "(2, 1, 1, 2)": {
            "0": 0.45563591462339037,
            "1": 0.5443640853766096
        },
        "(2, 1, 2, 1)": {
            "1": 0.7397572078907435,
            "0": 0.26024279210925644
        },
        "(2, 1, 2, 2)": {
            "0": 0.5326029927175806,
            "1": 0.46739700728241934
        },
        "(2, 1, 98, 1)": {
            "1": 0.3684210526315789,
            "0": 0.631578947368421
        },
        "(2, 1, 98, 2)": {
            "0": 0.5980392156862745,
            "1": 0.4019607843137255
        },
        "(2, 2, 1, 1)": {
            "0": 0.32940516273849607,
            "1": 0.6705948372615039
        },
        "(2, 2, 1, 2)": {
            "0": 0.4922714874043964,
            "1": 0.5077285125956036
        },
        "(2, 2, 2, 1)": {
            "0": 0.4076625053809729,
            "1": 0.5923374946190271
        },
        "(2, 2, 2, 2)": {
            "0": 0.6351305494730641,
            "1": 0.3648694505269358
        },
        "(2, 2, 98, 1)": {
            "1": 0.34210526315789475,
            "0": 0.6578947368421053
        },
        "(2, 2, 98, 2)": {
            "0": 0.6033898305084746,
            "1": 0.39661016949152544
        },
        "(2, 98, 1, 1)": {
            "1": 0.7142857142857143,
            "0": 0.2857142857142857
        },
        "(2, 98, 1, 2)": {
            "0": 0.4805194805194805,
            "1": 0.5194805194805194
        },
        "(2, 98, 2, 1)": {
            "0": 0.5,
            "1": 0.5
        },
        "(2, 98, 2, 2)": {
            "0": 0.563953488372093,
            "1": 0.436046511627907
        },
        "(2, 98, 98, 1)": {
            "1": 0.53125,
            "0": 0.46875
        },
        "(2, 98, 98, 2)": {
            "1": 0.4751434034416826,
            "0": 0.5248565965583174
        }
    },
    "cpt_icu": {
        "(1,)": {
            "2": 0.9006217829201495,
            "1": 0.09937821707985049
        },
        "(2,)": {
            "2": 0.9968022763829398,
            "1": 0.0031977236170602132
        }
    },
    "cpt_pneumonia": {
        "('20-40',)": {
            "2": 0.946088949366182,
            "1": 0.053911050633817945
        },
        "('40-60',)": {
            "2": 0.8563595749001557,
            "1": 0.14364042509984432
        },
        "('60-80',)": {
            "2": 0.6569643868165322,
            "1": 0.34303561318346776
        },
        "('80+',)": {
            "2": 0.5684156671024956,
            "1": 0.4315843328975044
        },
        "('<20',)": {
            "2": 0.9231421722293933,
            "1": 0.07685782777060668
        }
    },
    "cpt_age_group": {
        "()": {
            "40-60": 0.3698235115304608,
            "20-40": 0.41612655194816806,
            "60-80": 0.1284354455126868,
            "<20": 0.06464568196312875,
            "80+": 0.020968809045555602
        }
    },
    "cpt_sex_group": {
        "()": {
            "1": 0.5005412094003543,
            "2": 0.4994587905996457
        }
    },
    "cpt_obesity_group": {
        "()": {
            "2": 0.8474004067415141,
            "1": 0.1525995932584859
        }
    },
    "cpt_diabetes_group": {
        "()": {
            "2": 0.8810495647675065,
            "1": 0.11895043523249355
        }
    }
}