{
    "cpt_classification": {
        "(1, 1, 1, 1)": {
            "1": 0.6524822695035462,
            "0": 0.3475177304964539
        },
        "(1, 1, 1, 2)": {
            "0": 0.5135019593872462,
            "1": 0.4864980406127538
        },
        "(1, 1, 2, 1)": {
            "0": 0.32945736434108525,
            "1": 0.6705426356589147
        },
        "(1, 1, 2, 2)": {
            "0": 0.5988674268869754,
            "1": 0.4011325731130246
        },
        "(1, 2, 1, 1)": {
            "1": 0.6389157792836399,
            "0": 0.3610842207163601
        },
        "(1, 2, 1, 2)": {
            "0": 0.546855527523633,
            "1": 0.4531444724763671
        },
        "(1, 2, 2, 1)": {
            "1": 0.5164705882352941,
            "0": 0.4835294117647059
        },
        "(1, 2, 2, 2)": {
            "1": 0.3181739188134517,
            "0": 0.6818260811865483
        },
        "(2, 1, 1, 1)": {
            "0": 0.3108108108108108,
            "1": 0.6891891891891891
        },
        "(2, 1, 1, 2)": {
            "0": 0.45563591462339037,
            "1": 0.5443640853766096
        },
        "(2, 1, 2, 1)": {
            "1": 0.7348314606741573,
            "0": 0.2651685393258427
        },
        "(2, 1, 2, 2)": {
            "0": 0.53274414123856,
            "1": 0.46725585876144005
        },
        "(2, 2, 1, 1)": {
            "0": 0.32887402452619846,
            "1": 0.6711259754738016
        },
        "(2, 2, 1, 2)": {
            "0": 0.49224692412394244,
            "1": 0.5077530758760576
        },
        "(2, 2, 2, 1)": {
            "0": 0.4107517849643007,
            "1": 0.5892482150356992
        },
        "(2, 2, 2, 2)": {
            "0": 0.6346968099171973,
            "1": 0.3653031900828026
        }
    },
    "cpt_icu": {
        "(1,)": {
            "2": 0.9006217829201495,
            "1": 0.09937821707985049
        },
        "(2,)": {
            "2": 0.9968022763829398,
            "1": 0.0031977236170602132
        }
    },
    "cpt_pneumonia": {
        "(0,)": {
            "2": 0.9231421722293933,
            "1": 0.07685782777060668
        },
        "(1,)": {
            "2": 0.946088949366182,
            "1": 0.053911050633817945
        },
        "(2,)": {
            "2": 0.8563595749001557,
            "1": 0.14364042509984432
        },
        "(3,)": {
            "2": 0.6569643868165322,
            "1": 0.34303561318346776
        },
        "(4,)": {
            "2": 0.5684156671024956,
            "1": 0.4315843328975044
        }
    },
    "cpt_age_group": {
        "()": {
            "2": 0.3698235115304608,
            "1": 0.41612655194816806,
            "3": 0.1284354455126868,
            "0": 0.06464568196312875,
            "4": 0.020968809045555602
        }
    },
    "cpt_sex_group": {
        "()": {
            "1": 0.5005412094003543,
            "2": 0.4994587905996457
        }
    },
    "cpt_obesity_group": {
        "()": {
            "2": 0.8474004067415141,
            "1": 0.1525995932584859
        }
    },
    "cpt_diabetes_group": {
        "()": {
            "2": 0.8810495647675065,
            "1": 0.11895043523249355
        }
    }
}