{
    "cpt_mental_health": {
        "(0, 0)": {
            "1": 0.6,
            "0": 0.4
        },
        "(0, 1)": {
            "0": 0.5081967213114754,
            "1": 0.4918032786885246
        },
        "(0, 2)": {
            "1": 0.6271186440677966,
            "0": 0.3728813559322034
        },
        "(0, 3)": {
            "1": 0.5283018867924528,
            "0": 0.4716981132075472
        },
        "(1, 0)": {
            "1": 0.5490196078431373,
            "0": 0.45098039215686275
        },
        "(1, 1)": {
            "1": 0.5915492957746479,
            "0": 0.4084507042253521
        },
        "(1, 2)": {
            "1": 0.6363636363636364,
            "0": 0.36363636363636365
        },
        "(1, 3)": {
            "1": 0.5211267605633803,
            "0": 0.4788732394366197
        },
        "(2, 0)": {
            "0": 0.3939393939393939,
            "1": 0.6060606060606061
        },
        "(2, 1)": {
            "0": 0.4318181818181818,
            "1": 0.5681818181818182
        },
        "(2, 2)": {
            "1": 0.5408163265306123,
            "0": 0.45918367346938777
        },
        "(2, 3)": {
            "0": 0.47368421052631576,
            "1": 0.5263157894736842
        }
    },
    "cpt_activity": {
        "(0,)": {
            "2": 0.40559440559440557,
            "0": 0.26573426573426573,
            "1": 0.32867132867132864
        },
        "(1,)": {
            "2": 0.43478260869565216,
            "1": 0.34782608695652173,
            "0": 0.21739130434782608
        },
        "(2,)": {
            "2": 0.3656716417910448,
            "0": 0.3283582089552239,
            "1": 0.30597014925373134
        },
        "(3,)": {
            "2": 0.375,
            "0": 0.24305555555555555,
            "1": 0.3819444444444444
        },
        "(4,)": {
            "0": 0.33653846153846156,
            "2": 0.375,
            "1": 0.28846153846153844
        },
        "(5,)": {
            "1": 0.27692307692307694,
            "2": 0.4076923076923077,
            "0": 0.3153846153846154
        },
        "(6,)": {
            "2": 0.3671875,
            "0": 0.2265625,
            "1": 0.40625
        }
    },
    "cpt_gender": {
        "(0,)": {
            "2": 0.27927927927927926,
            "3": 0.2702702702702703,
            "0": 0.24324324324324326,
            "1": 0.2072072072072072
        },
        "(1,)": {
            "0": 0.3284671532846715,
            "3": 0.19708029197080293,
            "2": 0.25547445255474455,
            "1": 0.21897810218978103
        },
        "(2,)": {
            "0": 0.3089430894308943,
            "2": 0.22764227642276422,
            "3": 0.2032520325203252,
            "1": 0.2601626016260163
        },
        "(3,)": {
            "3": 0.25149700598802394,
            "2": 0.17964071856287425,
            "0": 0.3473053892215569,
            "1": 0.2215568862275449
        },
        "(4,)": {
            "2": 0.2833333333333333,
            "1": 0.275,
            "3": 0.2,
            "0": 0.24166666666666667
        },
        "(5,)": {
            "1": 0.2462686567164179,
            "0": 0.31343283582089554,
            "3": 0.1791044776119403,
            "2": 0.26119402985074625
        },
        "(6,)": {
            "0": 0.3161764705882353,
            "2": 0.22794117647058823,
            "1": 0.2426470588235294,
            "3": 0.21323529411764705
        }
    },
    "cpt_country": {
        "(0,)": {
            "0": 0.14285714285714285,
            "2": 0.16326530612244897,
            "6": 0.12698412698412698,
            "1": 0.16099773242630386,
            "5": 0.15192743764172337,
            "3": 0.16099773242630386,
            "4": 0.09297052154195011
        },
        "(1,)": {
            "2": 0.13654618473895583,
            "0": 0.1927710843373494,
            "1": 0.12449799196787148,
            "6": 0.1285140562248996,
            "5": 0.1285140562248996,
            "3": 0.1606425702811245,
            "4": 0.1285140562248996
        },
        "(2,)": {
            "3": 0.14285714285714285,
            "4": 0.1341991341991342,
            "1": 0.15584415584415584,
            "5": 0.1341991341991342,
            "6": 0.17316017316017315,
            "0": 0.13852813852813853,
            "2": 0.12121212121212122
        }
    },
    "cpt_occupation": {
        "()": {
            "1": 0.14773980154355015,
            "0": 0.11907386990077178,
            "2": 0.13230429988974643,
            "3": 0.18081587651598677,
            "4": 0.12899669239250275,
            "6": 0.1466372657111356,
            "5": 0.1444321940463065
        }
    },
    "cpt_age": {
        "()": {
            "0": 0.48172757475083056,
            "1": 0.2691029900332226,
            "2": 0.24916943521594684
        }
    }
}